month,RBC_in_millions
2.970530452,3.930973251
6.011787819,3.731487079
8.982318271,4.02232885
12.02357564,4.212265755
14.99410609,4.315607526